0	4	a	the cheerleader effect the cheerleader effect is when a group of women seem hot  but as a group . take each woman of them individually. sled dogs.
1	3	a	"""so what's the plot of infinity war?” foxe ""pains that's it."
2	4	a	i have an army we have elder holland @mormoncom
3	3	a	pho king noodles? do i look like i want pho king noodles? quickmeme.com
4	2	a	bald purple and gold outfit freakishly tall bald purple and gold outfit freakishly tall imgflip.com
5	4	a	met two gods. still a christian. met two gods. still an atheist. met two gods. beat the shit out of them.
6	4	a	here you earned this imgflip.com
7	3	a	response to seeing a good cat meme
8	3	a	what your skeptical baby says are you trying to change my diper
9	2	a	grumpy cat you speak of?! sweet mother of hades
10	2	a	when your sick kid wants to cuddle with you.
11	1	a	first images of the new captain picard star trek series
12	2	a	i like my women like i like my earl grey... hot
13	3	a	women  get over here this instant hmm  not bad
14	2	a	"go ahead. say "" shut up  wesley!"" you bald-  heased fart!"
15	4	a	nope. i have not seen your lipstick
16	3	a	saw glass of water precariously placed on the edge of the counter successfully knocked it over made on imgur
17	3	a	back off!!! funnycat memes.xyz ...or l attack! from funny cat memes
18	3	a	dancing on the ceiling imgflip.com third world success kid meme - imgflip
19	2	a	i don't always go into danger in deep space signs of the timms but when i do i wear my favourite ref jammies
20	2	a	sees avengers movie early creates comics with spoilers and puts them on the front page quickmeme.com
21	3	a	captain picard  picking apples in an orchard orchard  pronounced like picard
22	2	a	uli he was made of memes cuz he knew da wae
23	2	a	tony looks on in terror as thanos unzips his pants  revealing two more infinity stones
24	3	a	so you text me get off my phone you had to myawesomeo whmemetexthit. oh i know your myawesome 9gag.com/gag/4559161
25	3	a	you're telling me you pay more for food with fewer calories? make your meme at www.lolsclub.com lol's club » laugh out loud's club » skeptical baby meme
26	2	a	one word about curiosity killing the cat i dare you posuvo.com the internet scavengers
27	3	a	why the fuck are commercials louder than the tv show memecenter.com mamecenter
28	3	a	i'm smart just ask me
29	2	a	im not even from this village lefunny.net
30	1	a	how am i still breathing if she has my nose? quickmeme.com
31	4	a	after avengers end game
32	1	a	i still know nothing! 2017
33	2	a	that feeling you get when you want to take your friends for a ride but nobody comes because they're too afraid of your driving
34	2	a	what i think i look like in a suit: what | actually look like:
35	3	a	rijokes .com sometimes the wrong choices bring us to the right places.
36	2	a	enter the ass help! i've fallen and i can't be avenged
37	2	a	vw you guys must be getting pretty tired of having gun control by now. no one who had gun control would say that.
38	3	a	david 4 @itsdxvid the real reason marvel moved the #infinity war date forward was so these 3 had less time to give out spoilers i understood that reference
39	3	a	childhood memories arnataka golden memes sitting on stack of chairs & feeling like a king
40	3	a	i release all things from the past year that has caused any negative attachment. i prepare and welcome new changes  new lessons and new adventures. i welcome new opportunities to grow emotionally  mentally and spiritually.
41	2	a	gets super excited about a cl offer higher than asking price so he posts a success kid meme to reddit. scam
42	2	a	university today'  barney stinson || himym give five
43	3	a	it's saturday movement is optional
44	3	a	when you try so hard but you dont give up imgflip.com
45	1	a	"i've already read the whole book it says ""pet me"""
46	2	a	ido research because i'm legen...wait for it....dary imgflip.com
47	0	a	i dont want 65 cents a day i want your soul quickmeme.com
48	4	a	you tell me ...daddies love boobies too?
49	3	a	that son of a bitch took whats mine you bring him and my nose back here now memebase.com
50	2	a	"from ""yes sir  i'll bring her home by 7 pm"" to ""your daughter calls me daddy too"""
51	0	a	the awkard moment when you are finding the item when you realize you been holding it the whole time. but if we were holding it why don't we feel it?
52	2	a	when you relax so hard you liquefy @tank.sinatra made with mõmus
53	3	a	don't do it  carl mobil you are on your 9th lifequickmeme.com
54	3	a	i came out of were skeptical baby meme - imgflip
55	2	a	okay
56	3	a	my name is atticus. i was in the icu for two days but it turns out i was just constipated! my giant turd cost $2 536. my craps are more expensive than a small louis vuitton   i'm that fabulous.
57	3	a	as long as its empty funnycatmemes.xyz i stay here.
58	3	a	"when someone says ""i understood that reference""  and i'm like..... i understood that reference"
59	3	a	mike tyson bought a new computer. it has two bytes and no memory.
60	3	a	you're telling me i spent nine months ...in where? diylol.com
61	4	a	man: *buys punching bag* wife: am i a joke to you?
62	2	a	chase your dreams into a wood chipper
63	2	a	"largehearted boy's list of online ""best books of 2017"" lists"
64	3	a	captain picard gets out of his robe to see daphne and the mystery machines and damien boggs you should too. memes.com
65	3	a	admit it... i had you at meow tcanhasoheezburger r.com
66	4	a	marvel memes tells everyone he can see everything in the known universe tenorres fails to spot a fuck-off massive spaceship  filled with killer aliens...
67	4	a	why fall in love when you can fall asleep
68	3	a	the next avengers movie 38 disaster girl makeameme.org
69	3	a	"emotionally abused sister for @warriorcatgeeks years ""he was nice before he tried to kill firestar!1!1!"""
70	2	a	"oscars "" the best movie of 2017"" from miltonlawson.com"
71	2	a	bruh  you like em shaved? nah  i like those ...rd harry kuntz joshu
72	4	a	so you're telling me that your dog has a house memegenerator.net
73	1	a	why does the human-slave keep stealing my poop with a tiny shovel?
74	4	a	what did you get for christmas? fat. i got fat.
75	2	a	"25 times barney stinson was a total romantic on ""himym"""
76	1	a	"""tell thanos i'm coming"" marvel studios avengers 4 revenge of the wick"
77	3	a	next time you take my nose
78	3	a	tam now an airplane
79	3	a	"vaibhav... @lamevaibhav when someone from facebook joins twitter and starts liking all the tweets ""we don't do that here"" "
80	3	a	at least i saved my girl at least i didn't dance like a jackass at least i get to hang out with the avengers
81	4	a	whatever you do in this life
82	2	a	one's obsession with oils is not measured by how many oils they have but rather how many empty bottles they can't bear to part with essentialoilstyle.com
83	4	a	i guess cats don't appreciate random picture-taking either.
84	2	a	"""the awkward moment when you realize that the person you're making fun of is right behind you."""
85	2	a	www.contatto con behold! i found my mittens now i shall have some pie! cataddictsanony-mouse
86	2	a	you mean to tell me bigg bossis better than kbc!!! the original photo
87	1	a	"when you text her ""good morning beautiful"" and she replies with ""awww thanks buddy"" realize. forget. find new one!"
88	3	a	swag is for boys. class is for men. true story roflrazz.com
89	2	a	bro... don't touch the suit
90	3	a	you put that fat bastard on the hit list with pleasure
91	2	a	without me it's just aweso
92	2	a	why are teh urflings looking at us?
93	3	a	so  you're telling me you buy ice cream
94	2	a	you better pray for all those poor starving kids in third world countries. they deserve our assistance
95	0	a	the cats have been fed dont listen to their bullshit we searched through the icanhascheezburger archive to bring you cat memes you liked most this year! #cats # funny cats #cat memes # funny memes # animal memes # best of # 2018
96	3	a	awesome how my friends see me how my family how society sees sees me me how my camera sees me how i see me how i really am
97	2	a	whaaaaat? when someone says they hate barney stinson https://t.co/eta01glcwb
98	2	a	the angel gabriel appeared before mary and he said... made with fumatic purge the xenos!
99	2	a	my android phone. comes with a data plan.
100	2	a	document has wrong name? wrong number on it? nothing photoshop cant fix imgflip.com
101	3	a	invisible snow shovel icanhascheepburger.com
102	3	a	how it feels every morning waking up under the trump administration damage report imgflip.com
103	2	a	what people think we need for a revolution your danu what we really need for a revolution i'm in my anarcho-communist stage and i go to a liberal arts school
104	2	a	tuesday is mardi gras wednesday is valentine's friday is the chinese new year to those who celebrate in full force; i'll be waiting for you at the end of the week with a digestive blend. essentialoilstyle.com
105	2	a	you got me ribbons!! omg! omg!!
106	1	a	today i'm doing nothing  because i started doing it yesterday and i wasn't finished ...and i'm no quitter
107	4	a	most cats look down at you  questioning our intelligence not this time funny cat meme
108	2	a	im kind of glad you fucked up ig quotes from the heart100 you didn't deserve me anyway 100
109	3	a	just wythe hell haven't you nerds started making these memes in high definition?
110	3	a	when you want to get in shape for summer but life is hard weslo.strangely
111	2	a	i don't always get under the covers but when i do  you're trying to make the bed
112	3	a	@thenerdyuniverse avengers enfant avengers: age of ultron avengers: infinity war
113	3	a	hey batman do you know what we have that you don't? what? robin critiquesugleks.com sa
114	3	a	why the fuck can't you fit two more pills?
115	3	a	you love me you really love me! quickmeme.com
116	4	a	i am snail-cat defender of cuteness
117	3	a	#1 on trending reupload logan paul vlogs we found a dead body in the japanese suicide... 2m views 15k 22k share download add to
118	2	a	i farted
119	3	a	best of 2018 april politics.theonion.com comey: 'what can i say  i'm just a catty bitch from new jersey and i live for drama'
120	2	a	moderating your subreddit when people are harassing a user best of 2018 voting moderation
121	4	a	i want him dead yesterday. on it  boss. comix ed.com
122	3	a	who would win? the fake boss baby the real boss baby imgflip.com
123	4	a	knock! knock! who's there?? allan allan who??? alando pile pile benuwinja alando pile pile benuwinja bank otuch owadwa bank otuch omera @eddie_adrian
124	3	a	we sat through this piece-of-shit scene for nothing imgflip.com
125	3	a	what if i told you memedroid you don't have to post your every thought on facebook
126	2	a	big man in a suit of armor... you take that away and what are you? štark naked
127	4	a	can you imagine a bachelor party planned by these 2 guys
128	4	a	i just wanted to say thank you parental advisory ixplicit content for helping me choose the most awesome albums when i was growing up.
129	0	a	me: i should keep my identity a secret me to me: but has he heard about the tragedy of darth plagueis the wise?
130	4	a	you're the best around. nothing's ever gonna keep you down. ralph macchio
131	2	a	if i just keep looking cute they'll surely blame the dog
132	4	a	"""tell thanos i'm coming"" avengers 4 leaked scene"
133	Overall_Sentiment	a	text
134	3	a	next time they will buy foods that i like
135	3	a	you remind me of my chinese friend.... ug lee.
136	2	a	if a priest can throw holy water on a person who is possessed without their consent  is it on for me .... i think you know where i'm going with this. essentialoilstyle.com
137	4	a	rapid appearance and disappearance of red dot aliens
138	4	a	avengers movie still not watched memegenerator.net
139	4	a	redneck girl: our parents aren't home brother:...
140	3	a	what if i told you not everybody in a relationship is happy and not everybody who is single is miserable.
141	2	a	*record scratch* *freeze frame* pope: yep that's me. you're probably wondering how i ended up in this situation.
142	3	a	if you're going on-and-on-and-on about your problems and i'm just nodding my head and not suggesting oils  you know i'm not listening  right?
143	4	a	the only b'word you should call a woman is beautiful bitches love being called beautiful memegenerator.com
144	0	a	peter? just no i'm like me din chris.. @everything_but_dc aren't you tom? yeah and so is he! i'm i thought was chris chris ...what?
145	0	a	even if i was allowed to use the word cures i would never claim essential oils could cure stupidity essentialoilstyle.com
146	2	a	hello human i'm ready to play now quickmeme.com
147	4	a	perspective everything arhtistic license.com
148	3	a	wearing sunglasses in head an 293-3 38 ( 47 6.23 covering eyes with hand
149	4	a	"how to offend 4 groups of geeks in one picture ""use the force  harry"" - gandalf"
150	3	a	personally knows two gods still believes there's only one god we know memes
151	2	a	to catch the fish... you must first... become the fish funniest cat memes (swipe)
152	3	a	avenger memes when you're home alone...and you hear a noise. ~deadpool
153	2	a	when you have that team and you know you're going to have a good shift memeful.com
154	3	a	that paranoid feeling you get when someone behind you laughs really loudly...
155	4	a	the protec he attac but most importantly he ran out of snac 
156	3	a	"joshua @jlewdatruth follow *gets asked ""how ya doin"" at work* my brain: don't say it don't say it don't say it don't say it don't say it don't say it don't say it don't say it don't say it don't say it don't say it me: ""living the dream"" 12:50 pm - 11 nov 2018"
157	4	a	the epic battle between good and evil is briefly interrupted by the sound of a can opener.. catbreedselector.com catbreed selector catbreed select
158	2	a	"how to start a conversation with a girl when someone says ""can we please just enjoy one dinner without you bringing up the tragedy of darth plagueis the wise did you ever hear the tragedy of darth plaqueis the wise?"
159	2	a	to all those who didn't make it and who's names i can't remember. may they rot in hell. imgflip.com
160	3	a	how it feels waking up every morning in 2017 d damage report looper startrek picard patrickstewart 2017 2016 startrekdiscovery startrekthenextgereration startrektng startrekvoyager startrekbeyond
161	3	a	whoever she's texting... that dude is in trouble karnataka golden memes
162	2	a	mainstream metal sales metal trenches imgflip.com
163	3	a	captain's log
164	3	a	make it fro.
165	2	a	me: *jokes about rape and suicidex kids on the school bus i drive: @fruitofthepoisonousmeme
166	4	a	dafuq is this shit? quickmeme.com
167	3	a	picard i'm sorry. i can't hear you over the sound of how awesome i am. memes & funny pics frabz.com
168	4	a	one does not simply into mordor challenge accepted
169	3	a	drunk baby coming in on my turf? i want his cradle rocked off the treetop  you hear me ? quickmeme.com
170	2	a	i think i did okay! (explosion)
171	3	a	did you take a baseline on that skill prior to implementing it? makeameme.org
172	2	a	prabhas could be getting married soon all women
173	2	a	when petting cats... be sure not to activate their murder button. found at lolzombie.com
174	3	a	u mean to tell me nobody notice i only had 3 fingers imgflip.com
175	2	a	oh word?
176	2	a	why the fuck... does this guy not turn round while picard is singing into the viewscreen
177	2	a	you mean to tell me i haven't been making fricatives?
178	3	a	that feeling when you sit down on the toilet but the seats up
179	3	a	who would you rather seen in the next 2 avengers films marvelo s.page agent coulson ghost rider captain marvel defenders (reilly johnson)
180	3	a	if shrek can find love  so can you. @grumpycatt_ what i'm trying to say is  you look like shrek.
181	2	a	have a wonderful father's day captain's order! imgflip.com
182	3	a	you should know by now it's a trap! imgflip.com
183	2	a	dam ready for work imgflip.com
184	1	a	patrick stewart patrick stewart + 20 years (in star trek) patrick stewart + 20 years (in reality)
185	3	a	hulk got his eyebrows threaded..new hair...nose job...contour kit...go off miss thang @mcu_tweets marvel marvel studios thor age of ultron ragnarok
186	3	a	so you're telling me people dont finish the food on their plates? memegenerator.net
187	2	a	when bae says no to me
188	3	a	everytime there's a small object back there ima go get it imgflip.com
189	4	a	and theni says to her  i says  no  i got your nose.
190	2	a	soon.
191	1	a	i may like this royal baby made on imagur
192	3	a	jingle bells my box smells i'll just use the floor!
193	3	a	why are all the harry potter spells in latin? aren't they english? baconwrappedmedia.com
194	3	a	i is so sorry you must always take bath  weird cat...
195	2	a	next time you take my nose
196	3	a	yuck i stepped in some happiness
197	2	a	i'm here to talk to you about the aveng-- go fuck yourself we know memes
198	3	a	whens that best of 2017 tv blog being posted it's been 2018 for-10 days and i've already moved on. sinegenerator.net
199	2	a	3 a rare picture of an 8-bit cat from the 90s eatliver.com
200	3	a	no @theywant_nolan follow is this your spring ?!?!? 6:47 am - 20 mar 2018
201	4	a	those candy canes are making you fatter
202	2	a	watch who you trust even your teeth bite your tongue every now and then
203	4	a	side... i must have meowed a
204	2	a	so many reasons to be grumpy so little time
205	4	a	athiest cat says: i can relate to the duggars. i'm not allowed outside
206	2	a	barney stinson's totally awesome harry potter pick up lines vitamin-ha.com have you heard of platform 9 and 3/4? well  i can think of something else with the exact sane measurements....
207	3	a	introducing the u.s. olympic synchronized napping team
208	3	a	taika waititi: thor is better off without his hammer  eyeball  or darker tone. russo brothers: is he  tough? rishi
209	2	a	follow that mouse!
210	3	a	so you're telling me people drive electric scooters in grocery stores because they ve eaten too much?
211	2	a	where sport meets stupid the rush hour 2-4pm weekdays triple triple 105.1
212	3	a	i've seen some shit...
213	4	a	when you're crew is at school and its about to go down with the one you hate
214	3	a	thanks boss tonsofthanks.com/meme
215	2	a	so i asked them if were going to be in the next avengers movie. they said yes fucking liars i know...
216	3	a	'cause this is thriller cataddictsanony-mouse www.facebook.com/cat.addicts
217	3	a	having one of those days when your hair looks like hagrids b. please  my hair goes like hagrid when i just brush it. deal with your one bad hair day. this is for all the girls with natural curly hairs!
218	4	a	the_rights are always_right follow me trying to explain why we need the electoral college to a anarcho communist
219	3	a	knock knock who's there? akem akem who? akem in like a wrecking ball... i never hit so hard in love all i wanted was to break ur walls
220	2	a	"the godfather"" al davis raider nation quotes ""just win baby""&"" commitment to excellence "" is how we won our 3 sb's . so lets get this win from the texans & move on up to the next game.. madd maxx graphixs~ #onenation #loyalty crew #sba4l"
221	4	a	"""a lie is just a great story that someone ruined with the truth."" -borne simon"
222	2	a	had to barf made it to carpet in time
223	2	a	luke: what happens when i press this button? old ben: i don't know. try it out.
224	4	a	when you have games period o sipi and your maths teacher takes that period
225	2	a	you mean to tell me spoons don't actually sound like airplanes? memecreator.org
226	2	a	i see you buy plane tickets before getting your leave approved i too like to live dangerously
227	3	a	what if the human is not my pet but i'm his
228	1	a	facepalm even space captains fuck shit up memecenter.com mamecenter
229	2	a	beauty proedit tuspiring the aspiring artist
230	3	a	i don't want the toys that came in the box. i want the box. mematic.net
231	2	a	you love anime?
232	3	a	so... you're telling me you have mattresses with nasa technology two questions  what is a mattress and what is nasa? quickmeme.com
233	4	a	"darth baker ""you don't know the flour of the dark side!"" organic flour"
234	2	a	this cat looks like it just got knocked out in an anime @cabbagecatmemes
235	2	a	did you watch how i met your mother? yeah man  i was there. i introduced you to her.
236	3	a	why the fuck is this not already confirmed
237	3	a	brace yourself new year  new me posts are coming memegenerator
238	4	a	please  human  for the love of god... spay me!!!!!!!
239	2	a	nime ash sir lan mckellen brings a sign of captain picard facepalm meme at the woman's march in london
240	3	a	sits in the middle of the floor your fault if you step on him
241	3	a	not a cell phone in sight. just living in the moment. absolutely beautiful wish we could go back
242	2	a	the most important thing in life is to be yourself. justeguotes com unless you can be batman. always be batman. memecenter.com memecenter
243	3	a	rip to those we've lost in 2018 micave @lenicritic333
244	1	a	your tears give us strength
245	3	a	come on  just... ok? memegenerator.net
246	3	a	"every time i already know a verse ""i understood that reference"" memes:hilarious avengers memes  dank memes of avengers and funny dank memes"
247	3	a	there's the one who told me to nap he'll be napping with the fishes tonight babe
248	1	a	the metal is strong with this one memegenerator.net
249	4	a	you are beautiful go to hell you are really powerful go to hell can you lead the avengers really? go to hell
250	3	a	bitch please those shoes with those pants? quickmeme.com
251	3	a	"dozens of picard-themed art pieces? set phasers to ""stunning""!"
252	4	a	is insecure aout being judged and gets offended when people stare at her dyes hair vibrant colors
253	2	a	that look you get when people say i love black panther it's nice to finally have a black superheroin a movie
254	3	a	you look happy stop it
255	3	a	bbababab bababab
256	4	a	why are you always tired? you just sit there and watch me all day  i do all the playing. funnymeme.com
257	3	a	black cats were created to give everyone ... funnycat memes.xyz the opportunity to be owned by a mini-panther. from funny cat memes
258	4	a	my cat got shaven and now it looks like a cartoon-cat...
259	3	a	sega: we are going to make a sonic game that doesn't suck me: (showing sega sonic lost world - sonic boom)imgflip.com
260	4	a	everyone ylang ylang ching tonight
261	2	a	no2 best of 2018 august 'paw patrol writers defend episode where german shepherd cop shoots unarmed black lab 17 times in back best of 2018  augest
262	2	a	did someone order a tortilla wrap ?
263	3	a	when you sprinkle a wrong answer on a test so the teacher know you ain't cheat.
264	2	a	sorry i'm better than kirk u mad bro? quickmeme.con
265	2	a	avengers 2!!
266	1	a	i'mugly and lonely can we be friends catbreed selector.com f catbreed selector catbreed select
267	1	a	a natural way to get rid of clogged ears 1) mix a couple of drops of tea tree oil in the glass of hot water. 2) put your clogged ear on the glass to let the steam enter your ear. 3) this will finally allow you to hear 'laurel' instead of 'yanny' essentialoilstyle.com
268	2	a	so you're telling me the boston red sox has the best record in baseballp?? what are you smoking??? i want some =)
269	2	a	hooman  i need your help this dinosaur bited me
270	2	a	the girl that stole my juice box
271	3	a	so the countries on the muslim ranare about keeping us safe? then why is kenya going to beadded if obama doesnt shut up? skeptical baby meme - imgflip
272	3	a	the meaning of life is a picture of picard playing 'stairway to heaven'
273	3	a	so you're telling me  you buy cooked good frozen  to cook i again quickmeme.com
274	2	a	wtf is this shit? weknow memes
275	2	a	b. my brother from another mother
276	3	a	bill cosby is nick fury
277	2	a	i forgot what the hell i was doing! imgflip.com
278	4	a	we are in the endgame now. ah! he said it. he said the name of the movie!
279	2	a	cats! because they never make us feel old  ugly or unlovable
280	2	a	you're my best friend  all right? you don't have to tell me i'm yours. but the way i see it  we're a team. without you  i'm just the dynamic uno. - barney stinson
281	2	a	why is neil patrick harris gay? because he already had sex with every girl on the planet and he got bored. the truth. himym barneystinson
282	3	a	when you scold your dog when you scold your cat
283	3	a	why do you wear pink camo? are you going to hunt flamingos?
284	3	a	i came with a warning label. it's not my fault you didn't read the fine print...
285	3	a	dude..what...what if there's more to life than treats and catnip? quickmeme.com
286	4	a	"a moment of silence before the sacred tradition of ""killing the christmas tree."" gry.com"
287	2	a	the skeptical third world kid memes are just rephrased first world problems
288	2	a	wait a second billa am i skeptical baby grown up? funnyism.com xd
289	1	a	limited edition best of 2017 re-launch! the fan favourite limited edition designs are now back for another 48 hours! free shipping and a gift artwork sticker with every shirt! just click on the link in my bio or go to @drawn.fresh to get your exclusive goods!
290	2	a	you mean to tell me that... the man who made peanut m&ms was allergic to peanuts? imgflip.com
291	3	a	cataddictsanony-mouse i'm ready for first day of kittengarten
292	4	a	the face you make when you realize more picard memes are coming
293	4	a	when you see your crush so you act natural
294	3	a	breaking avengers endgame editing is complete  it is officially now a 3 hour movie
295	1	a	british troops attempt to attack fort duquesne during the french and indian war (1758 colorized)
296	3	a	my laptop snaps a photo of the person that wakes up my computer...
297	3	a	to my fellow procrastinators: we seriously need to get our peppermint and grapefruit on! there are so many holiday errands we still need to do tomorrow. essential oilstyle.com
298	4	a	"jack and jillon my turf? you find this ""tooth fairy"" me make it look like and bring her to an accident girl took my everytime i almost juicebox got his rat ass put a my little pony he says peeraboo and the head in her crib bastard's gone"
299	3	a	accidentally bought an australian cat :(
300	3	a	*bad drawn table that awkward moment when you are the last single man in your group memecenter.com i don't get it.
301	3	a	captain's log
302	4	a	the cats have been fed dont listen to their bullshit
303	2	a	me realising marvel has released the 'avengers: endgame' trailer: cavengers_super fan ig me after seeing the trailer:
304	1	a	igot a new toy! funnycat memes.xyz i will play with it exactly one day. then i want a new one.
305	3	a	"david steele @david_c_steele “we just left a rest stop! why didn't you go then?"" smith qoc"
306	2	a	don't get bogged down with the first sentence on the first draft. write the best one you can for the time being  but know it's going to change. a r htisticlicense.com
307	3	a	"locked yourself out of your car? ran out of condoms i've got an arrow for that. i've got an arrow for that. out of arrows? i've got an arrow "" for that. dontown a can opener? reed to toast some bread. but dont have a toaster? tve got an arrow for that. i've got an arrow - for that."
308	4	a	do you have a minute to talk about our lord and saviour edgar allan poe?
309	1	a	the underline must be drawn here
310	4	a	lick your butt. even if it makes other people in the room uncomfortable. @iizcat just do it.
311	3	a	they say that your body is made of 80% water i'm not fat  i'm flooded icanhascheezburger.com
312	2	a	it's the itty bitty hissy- fit committee icanhasacgeezbusger.com
313	4	a	nicksheridan.com via 9gag.com this title this title should not be continued by this text it should be separate from this text
314	3	a	you brake our lease i'll break your face memecenter.com memecenter
315	3	a	the justice league movie is going to be the best super hero movie ever uhh we already did that imgflip.com
316	0	a	"best of 2017... ""my new hero. merica."" father who beat man to death for raping his five year old daughter faces no charges in texas"
317	3	a	only 350 years til retirement
318	4	a	where you're a director in a porn. i guide others to a treasure that cannot possess
319	2	a	why the fuck does captain picard complain. about everything
320	3	a	hey peter what's new? well i get to work with the avengers in the new movie! oh good for you  underoos imgflip.com
321	3	a	perception is your hind haking up what you see or read. clarification from the source will help you get out of stuck on stupid! skeptical baby meme - imgflip
322	3	a	"dear avengers movie conspiracy theorists... the ""quantum realm"" doesn't work that way! now shut the #@[% up and go to bed!"
323	4	a	i like long walks especially when they are taken by people who annoy me.
324	3	a	best of 2017 (sofar) 31 adult film stars and their transformations for the camera https://t.co/hfg6v9is9k https://t.co/npxbur8rs3
325	2	a	isurrender to cuddles
326	1	a	kids have so much energy because they siphon it out of their parents like little gasoline thieves.
327	4	a	challenge accepted imgflip.com
328	2	a	he front of the liquor store
329	1	a	oh you love 2018 metal albums? tell me again how awesome the new godsmack is. imgflip.com
330	3	a	best of barney i only have one rule. never screw over a girl whose last name
331	4	a	for the love of god! feed the damn cat!
332	1	a	i'm triggered quickmeme.com
333	2	a	what the fuck happened to the skeptical 3rd world kid meme? livemamanecom
334	2	a	ig:@marvel_memes what gives you the right? what's the difference between you and us? @marvel memes i get to be in the avengers
335	3	a	get in losers were going to kill thanos
336	3	a	i could barf rainbows.
337	4	a	if my insurance company only knew how many times i successfully averted trips to the doctor lower my premium or help pay for my oils they would either essentialoilstyle.com
338	3	a	"and then i walked away from the closing table and said who's next?"""
339	0	a	wtf is this shit? my reaction when i noticed that i can like my own posts on memecenter memecenter.com memecenter
340	3	a	"""you ugly."" we twins."""
341	3	a	bok mom i can stand: jt desiens
342	4	a	who you thought was gonna to save the universe who is really going to do it
343	3	a	my spirit animal • my spirit animal is a bear because i am protective of my family and friends  i pay attention to me thoughts and how many they effect me while paying attention to other actions.
344	4	a	are you laughing? cuz that's not funny at all memegenerator.net
345	3	a	thank you glad to see someone with a little civil decency imgflip.com
346	2	a	santa put me on the naughty list you put that fat bastard on the hit list shut up i didn't put you lasterie motherfucking dumbass memecenter.com memecenter
347	2	a	olé! this is how we do triplets ghetto kids
348	2	a	magical necklace? skeptical baby is skeptical. quickmeme.com
349	2	a	you finished your plate because i was starving?
350	3	a	leave the gun take the cheerios mc memecenter.com/godfather85
351	3	a	if you're at a scary part i can come up and sit on your lap
352	3	a	that mexican climbed over my wall send him back to mexico! imgflip.com
353	4	a	happy birthday toa gorgeous  awesome and funny woman . wait  did i just wish to myself? anyway _happy birthday qiana!
354	3	a	but with my it might look like laziness when i sleep in
355	1	a	got pepper sprayed
356	2	a	iphone x truedepth camera
357	3	a	what's a front page
358	4	a	"""mr. stark i don't feel so good. i don't know what's happening i don't know. i don't wanna go  i don't wanna go please  please."""
359	2	a	i'm confused which cp did you want?
360	3	a	"every time i already know a verse ""i understood that reference"""
361	2	a	invisible pogo stick
362	4	a	why captain picard
363	2	a	did you know that every year countless cats are accused of vandalism when in actual lact they are the innocent victims of exploding wallpaper? end the injustice now!
364	2	a	i'm not all that bossy you just have the willpower of a marshmallow
365	2	a	i know you slept well funnycat memes.xyz i stayed up to watch you all night.
366	3	a	when it's your movie and all they care about is spidey and black panther
367	2	a	that's my secret i'm always hungry imgflip.com
368	4	a	can spot a bird from across the yard can't find the piece of meat _you dropped unless you point it out 10 times
369	3	a	can you see the angry bunny face?
370	4	a	happy purrrthday best fishes
371	3	a	surprise me. say something intelligent the internet scavengers - pmslwob.com
372	3	a	we have a hulk we have the rights to all our characters
373	3	a	hear brother using electric shaver in the bathroom he walks out with a full beard
374	2	a	the bride got cold feet? this shit is going down whether you like it or not aanmபம்
375	3	a	if i fits  i sits. if i don't fits...i still sits
376	3	a	so you're trying to tell me.. the girl you was grinding wit last night is your sister from another mother?
377	3	a	why has you canceled my x boks live?
378	3	a	lamps are fucking sick change my mind memes
379	2	a	is there an all-female avengers movie in the works? a force sounds great! but who would they fight? each other  probably
380	3	a	songs troll 2018 close enough
381	3	a	just hanging with ur buds ...on alcohol weed memes.com ...with weed
382	2	a	i cannot brain today i has the dumb
383	3	a	my share of the national debt is how much?quickmeme.com
384	2	a	and they actually thought the mom was important to the story
385	1	a	i are dunecat i controls the spice  i controls the universe.
386	1	a	doctor strange: don't worry guys doctor strange: i have a plan doctor strange has left the game.
387	3	a	engage google+ beam full power to local
388	2	a	you mean to tell me monday happens every week?
389	2	a	russo brothers say the avengers 4 title was said in a previous marvel movie that up there  that's the endgame. how were you guys planning on beating that?
390	2	a	how did i wake up in my bed... when i fell asleep on the couch? funnymeme.com
391	4	a	sometimes you say things andijust.. funnyism.com 8 skeptical baby | funny pics | funnyism funny pictures
392	0	a	my give-a-f**k-o-meter isn't getting a single reading icanhascheezburger.com
393	2	a	one night before the exam cricket trolls www.crickettrolls.com oppo reaction of girls reaction of boys
394	4	a	who the hell. has hair like that in a zombie apocalypse? imgflip.com
395	2	a	when you leave ur cat at ur grandma's house for a few days.
396	2	a	must watch movies of 2017 iti chennai memes maanagaram a handful of diverse characters find themselves in extraordinary situations that are interlinked with one another
397	3	a	www.cleanmemes.com dear ceiling cat  blessed these fishies and the wine we are about to receive... amen
398	3	a	japanese citizen watches as nuke drops on the 9th of august 1945 (colorized)
399	4	a	star trek week is ending now i know how kirk felt when he got canceled imgflip.com
400	2	a	you think i'm gonna eat vegtables? made on imgur skeptical baby - meme on imgur
401	3	a	funnymemes.com.au i can xplains ok...i cant
402	2	a	5 peoples  1 things in common farcethemusic.com
403	4	a	needs more cake!!!
404	3	a	i think you're pretty thanks i wish there was something between us metoo really! like what awall
405	4	a	loves a band doesn't pay for their music memegenerator.net
406	3	a	go ahead and tell me all your first world problems quickmeme.com armed and dangerous third world kid memes quickmeme
407	3	a	sorcha nic ghiolla losa admin. 9 april puns? as gaeilge?! ooooo i am seacht!
408	4	a	"wants spider-man in next ""avengers"" movie sony memecreator.com"
409	2	a	zillow said your home was worth what?!
410	4	a	"""when i'm sad i stop being sad and start being awesome instead."""
411	2	a	2 dope queens
412	3	a	when you see normies still posting memes about the last avengers movie normies get out reeeeeeeeeeeeeee!
413	4	a	soi talk to a camera
414	3	a	"“things are only impossible until they're not.” "". -captain picard [image] everyone said that tiger woods would never win another major championship... until he did"
415	1	a	. - dc or marvel? meme made by the fb pg dc/marvel-comics/movies i love both! i can't choose and i wonti thats what i'm talking about! it was a trick question! ~agent coulson
416	4	a	when you rotate the angry cat meme and turn it into happy cat meme instead *happyas fuk* for me they should make a *depressed as fuk*
417	3	a	son of a bitch told meit's nap time?
418	3	a	mexicans like me they kept saying i was cool. they kept saying i was a coolo. imgflip.com
419	2	a	this cat has bread on his face happy birthday facebook makeameme.org
420	3	a	allowed to drive the enterprise twice crashes both times memegenerator.net
421	3	a	arrange a meeting with the heads of the five families this nap ends now the chompfather
422	4	a	fotgot where i put mjolnir then it come to me
423	0	a	we gonz build scratchin' post make mexicats pay memegenerator.net
424	2	a	language! (..really? ig blerd.vision ...did we just become best friends?! ...later
425	3	a	mommy. what are you doing to daddy? quickmeme.com mommy
426	1	a	to the window to the wall
427	2	a	he is hovercat...
428	1	a	my parents left me in the streets because they thought i was a witch? anja ringgren loven wondering third world kid
429	1	a	avengers there was an idea to bring together a group of remarkable people...
430	2	a	"""this is none of your business. keep scrolling"""
431	3	a	extreme opposites but still the reasons we keep watchin' their shows memecenter.com memecenter
432	3	a	-cat what's your opinion on britain leaving the eup -i think you should repeatedly ask to leave  then when the door opens just sit there and stare at it. that's what i would do.
433	3	a	heck yeah  i'm a cat guy www.petfinder.com/iama catparent
434	3	a	"nothing says ""i have no idea what's wrong with me?” more  than taking a drop of every oil i own and making it into a blend. essentialoilsstyle.com"
435	3	a	is this a cat or a snail?
436	2	a	godfather got baby daughter brass knuckles
437	2	a	funny cat come at me  bro. h dare you. memes
438	3	a	"""they feed me  they care for me  they must be gods"" ~dog "" they feed me  they care for me  i am god ""~cat"
439	3	a	you lick me  you die
440	2	a	i'll make you an offer you can't refuse clean your room and save your father from the underworld
441	2	a	paranoid? who's paranoid? why are you looking at me?!?!?! mematic.net
442	3	a	to be continued baby godfather challange *gone wrong sgotbeaten by mafia an interesting squid
443	3	a	ted  you're staring at my boobs. in my defense  they were staring at me.
444	4	a	may the fourth be with mew icanhascheezburger.com
445	3	a	bitch lasagna @_trash_mammal follow v replying to @aliahgeyes he got the whole class sick oldascreatures 4:49 pm - 4 dec 2018 49 retweets 449 likes 3 49 ♡ 449 g
446	2	a	so you're saying you know people that don't eat on purpose?!
447	3	a	what is portent?
448	4	a	nobody: rats in the 14th century: i am inevitable hi inevitable i'm dad
449	3	a	the books we remember years after we finish the last page are the ones that connect with us on an emotional level. arhtisticlicense.com
450	3	a	when did you become an expert in thermonuclear astrophysics? last night adet sacr congratulations i adopt you! memebase.com
451	4	a	me at the cinema  waiting for infinity war to start: me at the cinema  after infinity war:
452	2	a	come at me  bro. i dare you cat
453	4	a	stepped on land mine
454	3	a	theonion cole best of 2018 august christian pornographer refuses to film sex tape for gay couple
455	3	a	fifty shades of earl gray icanhascheezburger.com
456	2	a	my whole life has been a lie.
457	2	a	when you see photos of yourself from 5 years ago oh honey  no  what were you thinkin
458	2	a	barney stinson y u marry robin? memecreator.com
459	3	a	why dont you have a seat and explain to me whyo found these pictures of myself on the internet ganhascreezburger.com
460	2	a	i wanted a lot but i did it!
461	1	a	aaaa oh my gosh!! all my life i thought i was black
462	3	a	my kitten keeps bringing us leaves she caught in the garden as presents. today she was especially proud of this very big one.
463	3	a	new teachers be like: they say we have digital classrooms  but no internet! makememe.org
464	2	a	i packed you a lunch for school ental assisting par i hope you like it
465	0	a	i thought this was a chicken
466	3	a	wonder woman's shield via @comic book memes iig captain america's shield hawkeye's shield
467	2	a	"when someone without kids says ""toddlers that behave like assholes are the result of bad parenting"" macgyveringmom.com"
468	3	a	so you're telling me people you know are trying to lose weight? memecenter.com memecenter
469	3	a	do you not see the powerbar in my hand? i'm fueling up.
470	1	a	life's too short to worry about matching socks
471	3	a	that turtle has a suitcase. it must be going to work. i hope that the turtle has a good day. ~barney stinson
472	2	a	"barney stinson it's going to be legen wait for it dary"" -whatever you do in this life  it's not legendary  unless your friends are there to see it. ~barney stinson barney stinson "" it's going to be legen wait for it day"""
473	3	a	happy birthday to james marsden avengersmemes who turns 43 today. ~deadpool
474	3	a	you're telling me you buy water because it's going to rain too much? 9gag.com/gag/5707656 skeptical third world kid on hurricane sandy http://9gag.com/gag/5707656
475	4	a	where does this girl live? we're talking about a woman who's actually gotten barney stinson to commit. i'm guessing narnia
476	3	a	make it snow
477	1	a	"believes theft is a violation of property rights steals the word ""anarchist from anarcho-communists (rand) theft is a violation of property rights  unless we do it . because we're special. #endthefed #ronpaul"
478	3	a	what the fuuuu.... a shower bring me the fucking sink now memegenerator.net good job  now gtfo memecenter.com meme center
479	4	a	i run this shit set a course for your chair  bitch
480	2	a	i can do this all day. an poopcultureindia title of your sex tape! pci
481	2	a	< ir well at grammar: 3 imgflio.com
482	3	a	this steak is so rare they made a pokemon card of it
483	4	a	stood in front of tank tank stopped
484	1	a	i learned to count to potato memecenter.com mame center
485	3	a	we can't all be the princess someone has to sit on the curb and clap as i go by
486	3	a	about nitric oxide! ht do
487	3	a	picard sees your ipad picard is not impressed. very demotivational .com
488	2	a	i wonder why who's that!? ..they call him hawkeye lord goku and vegeta!!??
489	2	a	amount of sleep required: five more minutes. imgflip.com
490	1	a	so i just suck on that. and i get milk? quickmeme.com
491	4	a	woahitsjuanito.tumblr.com keep calm and stay legendary wait for it
492	2	a	robin thicke rcedes ishio is the real barney stinson imgflip.com
493	3	a	i didn't choose the thug life the thug life chose me imgflip.com
494	3	a	"store employee: ""need help with anything?"" me: ""no thanks."" i actually need help with something. memegenerator.net"
495	4	a	why the fuck does batman use that voice around people that know he is bruce wayne
496	4	a	how it feels waking up every morning in 2017 damage report
497	2	a	scrolling past voting for crab rave in the monstercat best of 2018 list do your thing reddit!
498	3	a	captain picard spock and gandalf walk into a bar...ey
499	2	a	meow is just me+ow catbreedselector.com f catbreedselector catbreedselect
500	4	a	not all math puns are terrible just sum.
501	3	a	thanos gets all infinity stones at the end of the movie and half the people are gone from the movie theater. coincidence?
502	1	a	rent check came today. 50 extra dollars included imgflip.com
503	3	a	animated memes wait for it...
504	2	a	play with yarn  no one notices play with the hamster  everyone loses their minds! makeameme.org
505	3	a	teacher: please only highlight the important stuff me:
506	4	a	when she sad... i make it better!
507	3	a	i found a cat hair on your shirt this morning it was black
508	0	a	knock knock! who's there? ben! ben who? ben like say you want to greet your mummy #dolikethat
509	1	a	captain kirke trump here. i'd like to offer you the captaincy on the ussf trump but i just...played a captain.....on tv. i'm not...areal captain. fine then. you're fired! get me picard.
510	2	a	when you're trying to catch the piece of shrimp in the air at benihana
511	3	a	swarkles barney_stinson_offical like and comment if you love. and even more if you don't! like_a_suit
512	2	a	i'm up all night to get lokit cuickmeme.com
513	3	a	makes avengers meme remembers to ask if you've seen the movie first. quickmeme.com
514	3	a	were not in the avengers endgame movie the endgame
515	2	a	i need a new minion... ...dis one is broken. 
516	4	a	when your gf become your wife @kamavena 
517	2	a	hey i just met you
518	2	a	tare serious cat. this is serious thread.
519	3	a	you sold antifreeze to a blind man?
520	3	a	heavy pod heavy cast
521	3	a	umm... a woman president? quickmeme.com
522	2	a	"new years resolution #1 become more fearless about sharing oils new years resolution #2 don't take anyone's skepticism personal new years resolution #3 refrain from saying ""i told you so"" to anyone's face and say it behind their back instead www.essentialoilstyle.com"
523	3	a	ancient weapons are no match for a good blaster at your side kid. imgflip.com
524	3	a	oh really?
525	2	a	why don't you have a seat and explain where my testicles went. quickmeme.com
526	1	a	i'm thirsty but i don't like the water in my bowl
527	4	a	my meat watching me open incognito for the 4th time today
528	3	a	twinfinite best of e3 2017 gamenformer best in show 2017 nominee ign best of e3p 2017 nominee is llamo con e3 choice 2017 game award furmess victory! twinfinite best of e3 2017 best of show thanks for all the support for sonic mania and sonic forces at this year's e3!
529	2	a	ridiculously photogenic guy? challenge accepted quickmeme.com
530	2	a	just you wait till i get out of this cone
531	3	a	www.cleanmemes.com all things nonsense of if i fits i sits'. it's a box! of course i fits!
532	3	a	intrinsically motivated imgflip.com
533	4	a	i'm a towel
534	3	a	when one door closes another bottle of your favorite emotional blend opens essentialoilstyle.com
535	2	a	i just ran over donald and hillary at the same time you're welcome
536	4	a	brace yourselves third-world kid memes are coming quickmeme.com
537	3	a	captain america captain marvel comic book things captain deadpool captain cold aye aye cap'n
538	2	a	"barney stinson's dating advice vitamin-ha.com “there are only two reasons to date a girl you've already dated...."""
539	3	a	he's like a fully evolved pokemon
540	3	a	monday. friday! let's purrrtend it's friday. #cats #monday #friday #gameface #catlover
541	3	a	"are you sayings that modern warfare remastered"" is not a dlce"
542	3	a	don't just stand there funnycatmemes.xyz get me a pillow! from funny cat memes
543	3	a	do you have magic hair? magic hands?
544	2	a	"sex with over 200 women spanning six continents: 17 nationalities:74 sexual positions; and not a single fatty."" i am the 0.1% memeganiurator.net"
545	2	a	funnycatmemes.com so beautiful http://grumpy-cat-meme.com
546	3	a	row row row your no
547	3	a	there's the door now get the fuck out imglols.com
548	2	a	get this man a shield get this man a marveldusv hammer pics get this man some orange slices
549	2	a	i think i downloaded the wrong avengers movie dark morbid avengers infinity war
550	3	a	4 am. everyone is asleep perfect time to run from one end of the house to the other at full speed as loudly as possible
551	2	a	santa was real until he forgot my present imgflip.com
552	3	a	my keyboard: *exists* my cat: it's free real estate
553	3	a	when they ask what happened to all the xanax? chardonnayandxanax
554	4	a	tony? rogers. man in a suit of armor take that away and what do you got?? sherlock holmes
555	3	a	ostwas photogenic before it was cool spoiler chowalbo
556	3	a	you better have a valid reason for waking me up human memecenter.com or consider your furniture gone
557	3	a	"""dont use that weird spongebob mocking meme"" me: don t use that weld spongebob mocking meme"
558	0	a	you get to eat food everyday?! quickmeme.com
559	2	a	you made captain picard face palm you must be an epic fail memes & funny pics frabz.com
560	3	a	the onion shared a link. 12 hrs.  best of 2018 january local.theonion.com pile of dirty clothes on bedroom floor starting to mix with pile of clean clothes on bedroom floor
561	3	a	stop with the captain's log jokes already! imgflip.com
562	4	a	#teacherappreciation week the gifts you gave to your kid's awesome teacher: homemade lavender sugar scrub - assorted gourmet teas • a gift card to office max the gifts you wish you could have given: - a focus blend for all of her students • a magnum of wine a frickin' raise essentialoilstyle.com
563	2	a	noticed the toilet paper was gone before taking my dump we know memes
564	2	a	when you just watched endgame and have all the spoilers. you're not the only one cursed with knowledge
565	3	a	screen time according to birth order 1st child: one baby einstien video a day. 2nd child: two hours of nick jr. a day. 3rd child: is currently watching the godfather. outnumbered mother just sayin by kid # 2 we were watching ninjas with machetes!
566	3	a	officer i swear she told me she was 18
567	4	a	can't wait to see captain marvel on screen for the first time and above him is some lady called carol danvers.
568	3	a	"72:27 the lord of the g-strings: the femaleship of the string y don'kthink gandalf meant for us to come to come this way"""
569	2	a	trick or treat buttermilk ranch sauce 30 ketchup fancy = whataborger you little bastards
570	2	a	this looks intimate should i leave? imgflip.com
571	3	a	knock knock. not you! who's there? patriot humor
572	3	a	we review our ideas - thank you 2017
573	4	a	i tried to be friendzoned 
574	3	a	when the past haunts you  remember: you can only turn your life around in the present. arhlistlelleense.com
575	2	a	so you mean to tell me minesweeper is a game in your country? megenerator.net
576	3	a	i hate that part of the morning where i have to get out of bed
577	1	a	"""hawkeye is important in infinity war"" is he though?"
578	2	a	go to worf speed! trek memes icanhascheezburger.com
579	3	a	blo visu started from the bottom ig i theblerdvision now we're here
580	3	a	wikipedia aru serious? quickmeme.con
581	3	a	i think therefore i am nothing like you
582	2	a	do i look like i need rice?
583	2	a	are you guys ready for the best cat picture of all time? you're welcome.
584	4	a	bitch please those shoes with that top? we knowmemes
585	3	a	you let her in the kitchen why memegenerator.net
586	3	a	the_rights_are_always_right follow me trying to explain why we need the electoral college to a anargho gommunist i don't know how i'm ever going to recover from this shitty quality 2012 star trek captain picard meme
587	3	a	"""feeling like you don't have anyone to talk to. probably because you're sitting in an empty parking lot"
588	3	a	what am i doing with my lives? quickmeme.com
589	0	a	life is pretty simple. sometimes all you need is a couple of drops of frankincense to make everything better. and sometimes all you need is a couple of billion dollars to make everything better. essentialoilstyle.com
590	2	a	"""uhh my boyfriend's such an asshole"" memefinesser wyd? hey wassup"
591	3	a	what do you call an asian cat? - miyao quickmeme.com
592	3	a	i did not invade asgard  it's not true  it's bullshit. i did not invade it. i did naaaaawt. oh hi thor.
593	3	a	ah you're exquisite  you must let me paint you. - barney stinson
594	3	a	kat angus @katangus one taught me love  one taught me patience  and one taught me pain 3:54 pm - nov 5  2018 15.3k 4 934 people are talking about this
595	2	a	i wonder why forgot where uput mjolnir e then it came to me. ...they call him hawkeve
596	3	a	bröther what about the förbidden lamp
597	3	a	i have an army. we have a hulk. i've gotta jar of dirt! more awesome pictures at themetapicture.com
598	4	a	no one hides from
599	3	a	how i feel when someone checks my id
600	2	a	damn.... i'm kinda ugly
601	4	a	jus do it they sed...
602	4	a	who the fuck has been cutting everyone's grass during the zombie apocalypse?
603	2	a	please think of the kittens
604	4	a	good morning have a beautiful weheartit.com/audrey_ofa monday!
605	3	a	"what happened the major motion picture release ""we have it all."" -anon 3/5/2018 ""impossible to defend."" -anon 3/5/2018 ""the nail in many coffins."". -qanon 3/5/2018 “no free passes."" -anon 3/5/2018 ""no deals."" anon 3/5/2018 in ""toxic to those connected."". anon 3/5/2018 ""boom.” -qanon 3/5/2018 winner e nese laur dallas sinfined l popis galway todel buy leert omz korea filefly they never thought she would lose spring 2018 release #release thevideo"
606	4	a	i love you  couch. you understand me.
607	3	a	chill dude 1only took one cookie.okk?
608	1	a	sacrifices prime directive to stop a world from regressing to theism
609	4	a	cat's chin fur makes her look forever surprised
610	2	a	sucks that the thanos snap also claimed captain's beard
611	2	a	opens a jean-luc picard meme doesn't ask a question about a meme i haven't seen yet quickmeme.com
612	2	a	soul wax put west001 in their best of 2017 show so we got that going for us which is nice imgflip.com
613	3	a	the fuck?
614	3	a	its never too early for christmas decorations opení mon if you never take them down imgflip.com
615	3	a	dumb girl in my class: people with depression are dumb why cant they just be happy and not waste money on medicine
616	4	a	getoverhere  you stahp! stahp!
617	3	a	"marvel humans that want to be gods dc gods that want to be human @justice.league.memes ""alright..."""
618	3	a	i love you lamp shut up
619	3	a	yarr  o
620	3	a	mom said alcohol is the enemy jesus said love thy enemy the matter is resolved crazyhyence.com
621	3	a	this is a midroll comedy video compilation from a prior stream. any fail  insult  memes or rip headphones is only for the lols
622	0	a	"it's your birthday.. or annual declaration of being awesome! . ""wishes quotes.com"
623	2	a	i'm telling you  he ain't no rat! micky is mouse! imgflip.com
624	3	a	girls are like super heros who bleeds for a week and still survives? memes & funny pics frabz.com
625	3	a	captain picard captain janeway when confronted by q. was put on trial. when confronted by q. put q on trial. make the memes you wish to see in the world
626	2	a	fart coming.. and......engage. quickmeme.com
627	3	a	reason #42 why i love essential oils: there are no do not take with alcohol warning labels essentialoilstyle.com
628	3	a	"challenge accepted! friend: ""you can't honestly watch how i met your mother again for like the 4th time..."" me:"
629	4	a	"""coolant leak  captain!"" hehe startrek.com"
630	3	a	you and 9 other coworkers pool for lottery for years and finally win you keep it for yourser or shore equally with the thr 200 employeb recause they say hotearanowhowr contribute thats ont is leal vieraits skeptical baby meme - imgflip
631	3	a	we are in the endgame now.he said it. he said the name movie!
632	3	a	i have to run as fast as i can to a randomly selected other room 
633	2	a	this is captain jean-luc picard of the starship enterprise. hulu star trek the next generation
634	4	a	"""the avengers. it's what we call ourselves. we're sort of like a team. earth's mightiest heroes' type thing."""
635	3	a	what mom feels about her child when he's able to count till three
636	3	a	help me i'm poor
637	3	a	'it's blue and black. 'it's white and gold. marvel civil war captain america may 6  2016
638	3	a	i want to sleep on the keyboard but no one is using the computer more awesome stuff at thumbpress.com
639	3	a	baby godfather stole my blankie i want him dead before naptime  quickmeme.com
640	2	a	you know what really grinds my gears? gears people trying to get free karma with the third world'success kid after every major sport championship made on imgur do we really have to do it every time?
641	4	a	how in the hell... did engineers of the future... forget seatbelts and airbags imgflip.com
642	2	a	i won't like it... but give me some!
643	4	a	monday ? bring it on!
644	3	a	went to walmart went in through the exit imgflip.com third world success kid meme - imgflip
645	3	a	no new baby godfather memes dies memegenerator.net
646	2	a	you're starving? poor you
647	3	a	i want belly rubs. but only exactly 2. funnycat memes.xyz and then i'll bite.
648	3	a	tdont always go thru a hurricane.... but when i do...i gotta get the bread and milk!!!!!!!!the bread and milk!!!!! memegenerator.net
649	3	a	you dumped a porn star? friendship over!
650	2	a	ladies and gentlemen time to suit up tereyenerator.net
651	4	a	giant underwater turbines harnessing the endless energy of ocean currents why the fuck is this still just a concept funnyfrenzy.com
652	2	a	captain's orders acquire more delicious cake make it so  number one
653	3	a	"when someone says i won't be able to eat all those wings """"things are only impossible until they are not."" — jean-luc picard @lotw_wingking"
654	3	a	hey there  i can wipe my own butt.
655	4	a	look @ how happy my dad is  he just started baking school and i'm so proud
656	2	a	oh captain picard must you always be so incredibly dissatisfied? quickmeme.com
657	2	a	"today i found out midgets don't like being called midgets - and they really don't like being called ""people mcnuggets."""
658	4	a	y u listen to bad music?
659	3	a	a lie is a great story that somebody ruined with the truth. barney stinson
660	2	a	my girlfriend is a stripper
661	4	a	in avengers: coulson dies in thor 2: loki dies but not really but not really 10blerd vision in cap 2: fury dies in civil war: rhodey dies but not really but not really groh. nevermind. and in age of ultron: quicksilver...) ifunny.co
662	2	a	i'm an adult but more like an adult cat...like someone should probably take care of me but i can also sorta make it on my own.
663	2	a	*virus invades my body* white blood cells:
664	3	a	bravo captain picard! what tea line would be complete without picard's famous earl grey? it has a touch of sweet citrus fruit with a creamy vanilla taste and a tiny drop of honey. perfect for sitting in your quarters and thinking pensively
665	3	a	you may pay the bills and feed me.. but make no mistake human  i own this house and i own you.
666	3	a	allen follow @_spideyified we all know who's winning.....krusty krab vs chum bucket marvel 2:51 pm - 17 mar 2018 113 retweets 230 likes 000000006 113 retweets 230 likes
667	3	a	don't just wish for a happy birthday make it so
668	4	a	how the fuck did a spider get on the spaceship? how the fuck didi get on this spaceship memecenter.com memecenter
669	3	a	shoes for me wow mematic.net
670	1	a	el arroyo gustin millenials. walking around like they rent the place
671	1	a	omg?! they told me this was a solo portrait!
672	3	a	may your second child be a masculine child memegenerator.net
673	1	a	you might want to read the sign no lifeguard on duty no dogs on beach before anymore words come out of your mouth imigflip.com
674	4	a	you put your what in her what? imgflip.com
675	2	a	http://www.pinnlandempire.com/ 2017/12/zebras-in-america-episode-37best-of?spref=tw&m=1 #movieblogs #podcast #bestof2017 #filmcritics zebras in america episode 37:
676	4	a	invisible positive pregnancy test
677	1	a	how the fuck can you people live with yourselves? mamamoon
678	4	a	comical cat memes for your entertainment
679	3	a	what a beautiful day lets go back inside now
680	3	a	i think we should just keep this party low-key guess i'm gonna be thor in the mornin' seems our differences are pretty stark_ roger that
681	2	a	best new character
682	3	a	i can has prom date?
683	3	a	barry  i'm afraid we're going to have to make some serious changes around here.  let's start with my diaper.
684	2	a	anonymous opinion nebome king arthur legend of the sword is an entertaining movie and my favourite movie from 2017
685	3	a	let's see what this bitch can do
686	2	a	this grass i'd like to bury you under it
687	3	a	"captain picard. on torture ""torture has never been arrible means of atracting information it is ulimally self-defeating as a means of control one wonders that it's still practiced.. - captain jean lue pleare of the uss ereprise"
688	2	a	captain picard clown college graduation picture memecrunch.com
689	3	a	i have claimed this tiny human for myself. you may leave now.
690	3	a	sometimes i wonder if i spoil the cat  seeing him with his ipad  in his yurt.
691	4	a	only one more bottle of lavender and i'll be done with my taxes. essentialoilstyle.com
692	3	a	hypocricy ki b koi sima hoti hai bhalobhno imgflip.com avengers thor
693	3	a	iron man and captain america: they wear masks  everyone knows them
694	3	a	skeptical baby crimson is skeptical quickmeme.com
695	3	a	captain marvel: *comes down from space and kicks thanos's ass* okoye: w nyelvos 'pics why was she up there all this time?
696	2	a	you mean to tell me they still have the superbowl even if the saints aren't playing in it?
697	2	a	theonion best of 2018 may meghan markle's college friends stuck at table with sickly habsburg cousins it's not a meme  but it deserves to be on here
698	2	a	she is the female barney stinson quickmeme.com
699	3	a	**calling all heroes. we're battling thanos and need all the help we can get walks between bullets eh  we'll sit this one out gets hit by bullets .com
700	4	a	i hate cat memes
701	3	a	has black belt in bitches doesn't nail best friend's wife quickmeme.com
702	3	a	when a cat closes its eyes around you it means it trusts you my cat:
703	3	a	old farmers are generally polite folk. the only reason they would ever raise a middle finger to you is because all their other fingers are missing. (er  because you`re from the federal government)
704	3	a	home alone someone knocks at the door
705	3	a	so much win today quickmeme.com
706	3	a	"create a hashtag for this... ""no time to explain. grab all the helichrysum you have and hop in the car!!!"" essentialoilstyle.com"
707	3	a	couples therapist: why are you here today? me: i hear laurel and he hears yanny. @shellyyyy 123rf dankland
708	2	a	..and this is the
709	3	a	this is my monday face caladdict remouss from grumpy cat memes hugs xspoon shortage suex
710	2	a	idestroyed your other gifts** funnycat memes.xyz because i'm the only one you need
711	2	a	you mean that one day i will have to stop playing to take a shit? makeameme.org
712	3	a	i'm going to relax and play some jethro tull imgflip.com
713	2	a	when you dance like god
714	4	a	it's cold out wear a cat
715	3	a	i only upvote third world kid memes because the chick is hot
716	1	a	why do you call it lipstick... ..when i can clearly see you still moving your lips? funny meme.com
717	4	a	dont mind me tra pretty cloud
718	2	a	how long have they been staring out of that window? 2016 2018
719	2	a	barney stinson @stinsonsays never laugh at your girlfriend's choices...you are one of them. 1:40pm - 16 feb 13 memecenter om
720	2	a	it's literally that meme
721	3	a	you vs. the guy she tells you not to worry about reddit.r/fortnite
722	3	a	nose bleed??? judge! slow play! quickmeme.com
723	2	a	when ur mom brushes ur hair and tells you what a handsome boy u are tank sinatra
724	3	a	when you steal moms visa for v-bucks - i hope mom and dad don't find out
725	2	a	when you're almost done picking teams in gym class
726	2	a	so your telling me. oo you have a van full of candies ? imgflip.com
727	4	a	i don't care what it takes
728	2	a	smiles are contagious! dont worry  i'm vaccinated
729	0	a	you mean to tell me spoons don't actually sound like airplanes?
730	3	a	byron surprises an audience with a comedy show
731	3	a	"from ""yes sir i'll bring her home by 7pm"" to""daughter calls me daddy too"""
732	2	a	i want answers
733	3	a	that awkward moment when you realize... your ob's been sacked more than the number of points you've scored all preseason
734	3	a	look mommy i caught a mouse!
735	4	a	eveeryone thinks im a weirdo but guess what imgflip.com idont give a damn third world success kid meme - imgflip
736	4	a	www.facebook.com/canadaicis lolduuilisdlluiiy-huuse this is my bowl there are many like it but this one is mine roflbo
737	3	a	dude. no.
738	3	a	i will dominate the world after my nap quickmeme.com
739	1	a	when your cat watches too much food network imgflip.com
740	3	a	my human bought a whole case of my favorite wet food now i can't like that kind anymore
741	2	a	when you walk into the furry convention and you pull your ar-15 out memecenter.com purification is imminent
742	1	a	hurry up i really have to go the internet scavengers - pmslweb.com
743	2	a	we're ready to join the avengers! on second thought  we'll stick to nyc cb
744	2	a	sometimes i wonder what did my human do to deserve me?
745	3	a	when you realize spring break is over memegenerator.net
746	4	a	i'm such a mess. why do you even like me? because you're almost as messed up alam. find your barney. #himym https://t.co/fosho9w9ko
747	1	a	what normal people see what marvel fans see
748	3	a	new avengers movie emotionally prepare for the death of cap or tony peter parker dies instead peter parker dies instead
749	4	a	what is this???
750	4	a	fine! i'll sign-it! to: pathetic mortal. you will die. love loki
751	3	a	i is good at [ying this is my poker face when i shat everywhere
752	2	a	what oils are good por cutting that poul smell of a body buribd in your back yard? asking for a friend. essentialoilstyle.com
753	2	a	1hour into my diet...
754	2	a	"please don't motivate me by saying: ""just do it!"" you have no idea what i may be thinking at that moment essentialoilstyle.com"
755	4	a	i mean  a song about putting a
756	3	a	so you mean to tell me that boobs are not just for milk? skeptical baby
757	4	a	ultimate cat memes
758	1	a	barney high as fuck  thinking hes can read aliens minds and shit. memecenter.com memecenter
759	3	a	don't have an xbox 360  ps3 or pc... stay plays battelfield and third world success kis memes | quickmeme
760	3	a	what's your mom's name? aquamartha welcome to the justice league. meme friday: best of 2018
761	3	a	for each year you get more awesome happy birthday
762	2	a	"“...all of the other reindeer used to laugh and call of an him name..."" good."
763	3	a	makeitso odyssey toda apparently captain picard has settled into minivan life on long island.
764	4	a	how to be right in a world gone wrong
765	3	a	toxic masculinity & gillette what most people don't understand
766	2	a	ironman takes a dig at spiderman
767	2	a	$100 on beer? challenge accepted! memeyener acor.net
768	3	a	"""my cat got covered in flour and now he looks like a demon..."""
769	2	a	breaking: sources say okc will sign barney stinson to a 3 year $75 million deal to replace kevin durant.
770	3	a	the extrovert oiler: we're booked!!!! right next to salt palace!!! four of us sharing a room!! i can hardly wait!!!!! the introvert oiler: we're booked? right next to salt palace? four of us sharing a room?!? gee.. i can hardly wait. essentialoilstyle.com
771	3	a	liz buckley liz_buckley - follow sometimes i wonder if i spoil the cat  seeing him with his ipad  in his yurt.
772	2	a	yes i really love thor and loki
773	3	a	"the starting point for every good idea is ""what if... "" arhtistic license.com"
774	3	a	austin el arroyo should i call you? or should we resolve it w/ a quick 200 texts
775	2	a	why are you grossed out? i'm the one who's pinching a butt muffin vitamin-ha.com
776	3	a	when you skipped all the marvel movies facebook.com/kaatupoochi007 and directly watching avengers endgame
777	3	a	i came.i saw. i complained.
778	4	a	when barney stinson was born. #himym https://t.co/htqyblerh
779	3	a	my friend's cat had surgery and now he has no pants
780	3	a	skeptical baby first easte is not sure those are real quickmeme.com
781	4	a	via @comic.book. memes ig captain america's shield hawkeye's shield
782	3	a	invisible bike
783	3	a	you cant charge me my carpet was like this when i moved in!!!
784	2	a	please basketball gods make it so quickmeme.com
785	4	a	tired of me aren't you
786	2	a	different brains episode 94 exploring different brains with hackie reitman  m.d. autism & employment with dr. temple grandin
787	3	a	oh my god
788	3	a	the avengers:funny memorable movie quotes euroviul is everything a joke to you? tuj funny things are vitamin-ha.com
789	2	a	"when you've heard mom!"" 543 times before lunch and you don't got a pocket full of sunshine tcl"
790	0	a	bring me han solo!
791	3	a	knock knock who's there mat mat who? martin luther black..malcom x black.marcus garvey black
792	2	a	your face. it's breathing my air. stop it.
793	3	a	forever awesome quickmeme.com
794	4	a	barney stinson high as fuck hanging out with smurfs and shit memecenter.com
795	2	a	i want to ask for food but you're not busy
796	3	a	don't listen to them you're not fat  you're fluffy
797	3	a	www.enchantersquill.com everything by the book the book is really more what you'd call guidelines than actual rules
798	1	a	replicator: dildo...... warm cuickmeme.com
799	4	a	x-men vs avengers movie? avengersmeme rush  ...take my money? ~deadpool
